loc,length,bug type,approach
41,13,TOD,code snippet injection
22,18,TOD,code snippet injection
8,13,TOD,code snippet injection
423,13,TOD,code snippet injection
400,18,TOD,code snippet injection
380,13,TOD,code snippet injection
361,13,TOD,code snippet injection
338,13,TOD,code snippet injection
318,13,TOD,code snippet injection
292,18,TOD,code snippet injection
250,18,TOD,code snippet injection
211,18,TOD,code snippet injection
171,18,TOD,code snippet injection
150,18,TOD,code snippet injection
136,13,TOD,code snippet injection
117,18,TOD,code snippet injection
103,13,TOD,code snippet injection
89,13,TOD,code snippet injection
75,13,TOD,code snippet injection
56,18,TOD,code snippet injection
