loc,length,bug type,approach
382,13,TOD,code snippet injection
356,18,TOD,code snippet injection
333,13,TOD,code snippet injection
296,13,TOD,code snippet injection
274,18,TOD,code snippet injection
257,13,TOD,code snippet injection
216,13,TOD,code snippet injection
202,13,TOD,code snippet injection
188,13,TOD,code snippet injection
169,18,TOD,code snippet injection
149,18,TOD,code snippet injection
130,18,TOD,code snippet injection
110,18,TOD,code snippet injection
91,18,TOD,code snippet injection
77,13,TOD,code snippet injection
57,18,TOD,code snippet injection
43,13,TOD,code snippet injection
29,13,TOD,code snippet injection
