loc,length,bug type,approach
552,13,TOD,code snippet injection
241,18,TOD,code snippet injection
225,13,TOD,code snippet injection
209,13,TOD,code snippet injection
28,18,TOD,code snippet injection
719,13,TOD,code snippet injection
697,13,TOD,code snippet injection
678,13,TOD,code snippet injection
657,13,TOD,code snippet injection
631,18,TOD,code snippet injection
603,18,TOD,code snippet injection
573,18,TOD,code snippet injection
466,18,TOD,code snippet injection
430,18,TOD,code snippet injection
398,13,TOD,code snippet injection
365,18,TOD,code snippet injection
336,13,TOD,code snippet injection
310,13,TOD,code snippet injection
276,13,TOD,code snippet injection
87,18,TOD,code snippet injection
56,13,TOD,code snippet injection
531,18,TOD,code snippet injection
511,18,TOD,code snippet injection
492,18,TOD,code snippet injection
188,18,TOD,code snippet injection
174,13,TOD,code snippet injection
158,13,TOD,code snippet injection
143,13,TOD,code snippet injection
129,13,TOD,code snippet injection
110,18,TOD,code snippet injection
8,18,TOD,code snippet injection
