loc,length,bug type,approach
152,13,TOD,code snippet injection
133,18,TOD,code snippet injection
368,13,TOD,code snippet injection
351,13,TOD,code snippet injection
327,18,TOD,code snippet injection
310,13,TOD,code snippet injection
285,13,TOD,code snippet injection
264,13,TOD,code snippet injection
118,13,TOD,code snippet injection
95,18,TOD,code snippet injection
71,18,TOD,code snippet injection
46,18,TOD,code snippet injection
22,18,TOD,code snippet injection
237,18,TOD,code snippet injection
223,13,TOD,code snippet injection
204,18,TOD,code snippet injection
184,13,TOD,code snippet injection
170,13,TOD,code snippet injection
