loc,length,bug type,approach
41,13,TOD,code snippet injection
22,18,TOD,code snippet injection
8,13,TOD,code snippet injection
441,13,TOD,code snippet injection
418,18,TOD,code snippet injection
398,13,TOD,code snippet injection
379,13,TOD,code snippet injection
356,13,TOD,code snippet injection
339,13,TOD,code snippet injection
314,18,TOD,code snippet injection
288,18,TOD,code snippet injection
246,18,TOD,code snippet injection
207,18,TOD,code snippet injection
167,18,TOD,code snippet injection
151,13,TOD,code snippet injection
132,18,TOD,code snippet injection
117,13,TOD,code snippet injection
103,13,TOD,code snippet injection
89,13,TOD,code snippet injection
70,18,TOD,code snippet injection
56,13,TOD,code snippet injection
