loc,length,bug type,approach
24,10,Overflow-Underflow,code snippet injection
19,4,Overflow-Underflow,code snippet injection
8,10,Overflow-Underflow,code snippet injection
257,4,Overflow-Underflow,code snippet injection
248,4,Overflow-Underflow,code snippet injection
237,4,Overflow-Underflow,code snippet injection
221,10,Overflow-Underflow,code snippet injection
207,4,Overflow-Underflow,code snippet injection
190,10,Overflow-Underflow,code snippet injection
178,4,Overflow-Underflow,code snippet injection
146,8,Overflow-Underflow,code snippet injection
117,8,Overflow-Underflow,code snippet injection
87,8,Overflow-Underflow,code snippet injection
76,8,Overflow-Underflow,code snippet injection
65,10,Overflow-Underflow,code snippet injection
60,4,Overflow-Underflow,code snippet injection
55,4,Overflow-Underflow,code snippet injection
50,4,Overflow-Underflow,code snippet injection
45,4,Overflow-Underflow,code snippet injection
36,8,Overflow-Underflow,code snippet injection
