loc,length,bug type,approach
91,10,Overflow-Underflow,code snippet injection
86,4,Overflow-Underflow,code snippet injection
215,10,Overflow-Underflow,code snippet injection
207,4,Overflow-Underflow,code snippet injection
197,4,Overflow-Underflow,code snippet injection
189,4,Overflow-Underflow,code snippet injection
167,10,Overflow-Underflow,code snippet injection
155,4,Overflow-Underflow,code snippet injection
74,10,Overflow-Underflow,code snippet injection
65,4,Overflow-Underflow,code snippet injection
51,8,Overflow-Underflow,code snippet injection
36,8,Overflow-Underflow,code snippet injection
22,8,Overflow-Underflow,code snippet injection
138,8,Overflow-Underflow,code snippet injection
127,10,Overflow-Underflow,code snippet injection
122,4,Overflow-Underflow,code snippet injection
111,4,Overflow-Underflow,code snippet injection
106,4,Overflow-Underflow,code snippet injection
