loc,length,bug type,approach
509,13,TOD,code snippet injection
490,18,TOD,code snippet injection
476,13,TOD,code snippet injection
109,13,TOD,code snippet injection
90,18,TOD,code snippet injection
76,13,TOD,code snippet injection
62,13,TOD,code snippet injection
634,13,TOD,code snippet injection
611,13,TOD,code snippet injection
579,18,TOD,code snippet injection
551,18,TOD,code snippet injection
528,18,TOD,code snippet injection
425,18,TOD,code snippet injection
401,18,TOD,code snippet injection
382,13,TOD,code snippet injection
357,18,TOD,code snippet injection
337,13,TOD,code snippet injection
319,13,TOD,code snippet injection
301,13,TOD,code snippet injection
278,18,TOD,code snippet injection
260,13,TOD,code snippet injection
237,18,TOD,code snippet injection
214,18,TOD,code snippet injection
173,18,TOD,code snippet injection
150,18,TOD,code snippet injection
132,13,TOD,code snippet injection
461,13,TOD,code snippet injection
447,13,TOD,code snippet injection
47,13,TOD,code snippet injection
28,18,TOD,code snippet injection
9,18,TOD,code snippet injection
