loc,length,bug type,approach
222,13,TOD,code snippet injection
142,18,TOD,code snippet injection
128,13,TOD,code snippet injection
662,13,TOD,code snippet injection
636,18,TOD,code snippet injection
615,13,TOD,code snippet injection
589,13,TOD,code snippet injection
567,13,TOD,code snippet injection
536,13,TOD,code snippet injection
503,18,TOD,code snippet injection
472,18,TOD,code snippet injection
446,18,TOD,code snippet injection
420,18,TOD,code snippet injection
286,18,TOD,code snippet injection
267,13,TOD,code snippet injection
240,18,TOD,code snippet injection
166,13,TOD,code snippet injection
114,13,TOD,code snippet injection
100,13,TOD,code snippet injection
81,18,TOD,code snippet injection
67,13,TOD,code snippet injection
48,18,TOD,code snippet injection
29,18,TOD,code snippet injection
387,18,TOD,code snippet injection
368,18,TOD,code snippet injection
352,13,TOD,code snippet injection
338,13,TOD,code snippet injection
324,13,TOD,code snippet injection
310,13,TOD,code snippet injection
202,18,TOD,code snippet injection
183,18,TOD,code snippet injection
