loc,length,bug type,approach
71,4,tx.origin,code snippet injection
67,3,tx.origin,code snippet injection
171,4,tx.origin,code snippet injection
163,4,tx.origin,code snippet injection
154,3,tx.origin,code snippet injection
146,4,tx.origin,code snippet injection
130,4,tx.origin,code snippet injection
118,4,tx.origin,code snippet injection
61,4,tx.origin,code snippet injection
53,3,tx.origin,code snippet injection
43,4,tx.origin,code snippet injection
32,4,tx.origin,code snippet injection
22,4,tx.origin,code snippet injection
105,4,tx.origin,code snippet injection
100,4,tx.origin,code snippet injection
96,3,tx.origin,code snippet injection
85,4,tx.origin,code snippet injection
80,4,tx.origin,code snippet injection
