loc,length,bug type,approach
17,4,tx.origin,code snippet injection
13,3,tx.origin,code snippet injection
8,4,tx.origin,code snippet injection
212,4,tx.origin,code snippet injection
204,3,tx.origin,code snippet injection
193,4,tx.origin,code snippet injection
183,4,tx.origin,code snippet injection
169,4,tx.origin,code snippet injection
161,4,tx.origin,code snippet injection
151,3,tx.origin,code snippet injection
139,4,tx.origin,code snippet injection
111,4,tx.origin,code snippet injection
86,4,tx.origin,code snippet injection
60,4,tx.origin,code snippet injection
53,4,tx.origin,code snippet injection
49,3,tx.origin,code snippet injection
43,4,tx.origin,code snippet injection
38,4,tx.origin,code snippet injection
33,4,tx.origin,code snippet injection
28,4,tx.origin,code snippet injection
23,4,tx.origin,code snippet injection
