loc,length,bug type,approach
17,4,tx.origin,code snippet injection
13,3,tx.origin,code snippet injection
8,4,tx.origin,code snippet injection
203,4,tx.origin,code snippet injection
195,3,tx.origin,code snippet injection
184,4,tx.origin,code snippet injection
174,4,tx.origin,code snippet injection
160,4,tx.origin,code snippet injection
149,4,tx.origin,code snippet injection
138,3,tx.origin,code snippet injection
110,4,tx.origin,code snippet injection
85,4,tx.origin,code snippet injection
59,4,tx.origin,code snippet injection
52,4,tx.origin,code snippet injection
47,4,tx.origin,code snippet injection
43,3,tx.origin,code snippet injection
38,4,tx.origin,code snippet injection
33,4,tx.origin,code snippet injection
28,4,tx.origin,code snippet injection
23,4,tx.origin,code snippet injection
