loc,length,bug type,approach
262,13,TOD,code snippet injection
241,18,TOD,code snippet injection
225,13,TOD,code snippet injection
612,13,TOD,code snippet injection
585,18,TOD,code snippet injection
558,13,TOD,code snippet injection
529,13,TOD,code snippet injection
502,13,TOD,code snippet injection
475,13,TOD,code snippet injection
443,18,TOD,code snippet injection
411,18,TOD,code snippet injection
383,18,TOD,code snippet injection
355,18,TOD,code snippet injection
328,18,TOD,code snippet injection
308,13,TOD,code snippet injection
78,18,TOD,code snippet injection
209,13,TOD,code snippet injection
195,13,TOD,code snippet injection
179,13,TOD,code snippet injection
160,18,TOD,code snippet injection
145,13,TOD,code snippet injection
126,18,TOD,code snippet injection
107,18,TOD,code snippet injection
55,18,TOD,code snippet injection
