loc,length,bug type,approach
490,13,TOD,code snippet injection
471,18,TOD,code snippet injection
457,13,TOD,code snippet injection
104,13,TOD,code snippet injection
85,18,TOD,code snippet injection
71,13,TOD,code snippet injection
57,13,TOD,code snippet injection
612,13,TOD,code snippet injection
590,13,TOD,code snippet injection
559,18,TOD,code snippet injection
532,18,TOD,code snippet injection
509,18,TOD,code snippet injection
420,18,TOD,code snippet injection
396,18,TOD,code snippet injection
377,13,TOD,code snippet injection
352,18,TOD,code snippet injection
332,13,TOD,code snippet injection
314,13,TOD,code snippet injection
296,13,TOD,code snippet injection
273,18,TOD,code snippet injection
255,13,TOD,code snippet injection
232,18,TOD,code snippet injection
209,18,TOD,code snippet injection
168,18,TOD,code snippet injection
145,18,TOD,code snippet injection
127,13,TOD,code snippet injection
442,13,TOD,code snippet injection
42,13,TOD,code snippet injection
28,13,TOD,code snippet injection
9,18,TOD,code snippet injection
