loc,length,bug type,approach
279,4,tx.origin,code snippet injection
106,3,tx.origin,code snippet injection
99,4,tx.origin,code snippet injection
92,4,tx.origin,code snippet injection
13,3,tx.origin,code snippet injection
367,4,tx.origin,code snippet injection
354,4,tx.origin,code snippet injection
344,4,tx.origin,code snippet injection
332,4,tx.origin,code snippet injection
321,3,tx.origin,code snippet injection
307,4,tx.origin,code snippet injection
291,4,tx.origin,code snippet injection
251,4,tx.origin,code snippet injection
229,4,tx.origin,code snippet injection
206,4,tx.origin,code snippet injection
188,3,tx.origin,code snippet injection
168,4,tx.origin,code snippet injection
151,4,tx.origin,code snippet injection
126,4,tx.origin,code snippet injection
48,4,tx.origin,code snippet injection
26,4,tx.origin,code snippet injection
272,4,tx.origin,code snippet injection
267,3,tx.origin,code snippet injection
263,3,tx.origin,code snippet injection
85,4,tx.origin,code snippet injection
80,4,tx.origin,code snippet injection
73,4,tx.origin,code snippet injection
67,4,tx.origin,code snippet injection
62,4,tx.origin,code snippet injection
57,4,tx.origin,code snippet injection
8,3,tx.origin,code snippet injection
