loc,length,bug type,approach
185,4,tx.origin,code snippet injection
174,3,tx.origin,code snippet injection
160,4,tx.origin,code snippet injection
132,4,tx.origin,code snippet injection
125,3,tx.origin,code snippet injection
117,4,tx.origin,code snippet injection
85,4,tx.origin,code snippet injection
80,4,tx.origin,code snippet injection
75,4,tx.origin,code snippet injection
71,3,tx.origin,code snippet injection
65,4,tx.origin,code snippet injection
60,4,tx.origin,code snippet injection
54,4,tx.origin,code snippet injection
49,4,tx.origin,code snippet injection
44,4,tx.origin,code snippet injection
39,3,tx.origin,code snippet injection
34,4,tx.origin,code snippet injection
29,4,tx.origin,code snippet injection
