loc,length,bug type,approach
357,6,Unhandled-Exceptions,code snippet injection
257,9,Unhandled-Exceptions,code snippet injection
43,3,Unhandled-Exceptions,code snippet injection
10,5,Unhandled-Exceptions,code snippet injection
433,9,Unhandled-Exceptions,code snippet injection
416,9,Unhandled-Exceptions,code snippet injection
403,5,Unhandled-Exceptions,code snippet injection
390,3,Unhandled-Exceptions,code snippet injection
344,3,Unhandled-Exceptions,code snippet injection
337,3,Unhandled-Exceptions,code snippet injection
328,5,Unhandled-Exceptions,code snippet injection
288,9,Unhandled-Exceptions,code snippet injection
274,8,Unhandled-Exceptions,code snippet injection
212,5,Unhandled-Exceptions,code snippet injection
181,8,Unhandled-Exceptions,code snippet injection
136,8,Unhandled-Exceptions,code snippet injection
129,3,Unhandled-Exceptions,code snippet injection
116,9,Unhandled-Exceptions,code snippet injection
110,2,Unhandled-Exceptions,code snippet injection
101,3,Unhandled-Exceptions,code snippet injection
92,3,Unhandled-Exceptions,code snippet injection
81,5,Unhandled-Exceptions,code snippet injection
69,5,Unhandled-Exceptions,code snippet injection
55,8,Unhandled-Exceptions,code snippet injection
22,6,Unhandled-Exceptions,code snippet injection
304,3,Unhandled-Exceptions,code snippet injection
252,3,Unhandled-Exceptions,code snippet injection
38,3,Unhandled-Exceptions,code snippet injection
34,3,Unhandled-Exceptions,code snippet injection
