loc,length,bug type,approach
225,6,Unhandled-Exceptions,code snippet injection
208,9,Unhandled-Exceptions,code snippet injection
195,3,Unhandled-Exceptions,code snippet injection
166,5,Unhandled-Exceptions,code snippet injection
153,9,Unhandled-Exceptions,code snippet injection
140,9,Unhandled-Exceptions,code snippet injection
107,5,Unhandled-Exceptions,code snippet injection
103,3,Unhandled-Exceptions,code snippet injection
99,3,Unhandled-Exceptions,code snippet injection
95,3,Unhandled-Exceptions,code snippet injection
88,5,Unhandled-Exceptions,code snippet injection
78,9,Unhandled-Exceptions,code snippet injection
68,8,Unhandled-Exceptions,code snippet injection
62,5,Unhandled-Exceptions,code snippet injection
53,8,Unhandled-Exceptions,code snippet injection
43,8,Unhandled-Exceptions,code snippet injection
39,3,Unhandled-Exceptions,code snippet injection
29,9,Unhandled-Exceptions,code snippet injection
