loc,length,bug type,approach
310,6,Unhandled-Exceptions,code snippet injection
107,9,Unhandled-Exceptions,code snippet injection
101,3,Unhandled-Exceptions,code snippet injection
93,5,Unhandled-Exceptions,code snippet injection
13,9,Unhandled-Exceptions,code snippet injection
405,9,Unhandled-Exceptions,code snippet injection
391,5,Unhandled-Exceptions,code snippet injection
382,3,Unhandled-Exceptions,code snippet injection
371,3,Unhandled-Exceptions,code snippet injection
360,3,Unhandled-Exceptions,code snippet injection
345,5,Unhandled-Exceptions,code snippet injection
324,9,Unhandled-Exceptions,code snippet injection
270,8,Unhandled-Exceptions,code snippet injection
247,5,Unhandled-Exceptions,code snippet injection
220,8,Unhandled-Exceptions,code snippet injection
197,8,Unhandled-Exceptions,code snippet injection
178,3,Unhandled-Exceptions,code snippet injection
156,9,Unhandled-Exceptions,code snippet injection
133,2,Unhandled-Exceptions,code snippet injection
53,3,Unhandled-Exceptions,code snippet injection
32,3,Unhandled-Exceptions,code snippet injection
302,5,Unhandled-Exceptions,code snippet injection
295,5,Unhandled-Exceptions,code snippet injection
286,8,Unhandled-Exceptions,code snippet injection
84,6,Unhandled-Exceptions,code snippet injection
80,3,Unhandled-Exceptions,code snippet injection
74,3,Unhandled-Exceptions,code snippet injection
69,3,Unhandled-Exceptions,code snippet injection
65,3,Unhandled-Exceptions,code snippet injection
61,3,Unhandled-Exceptions,code snippet injection
8,3,Unhandled-Exceptions,code snippet injection
