loc,length,bug type,approach
22,6,Unhandled-Exceptions,code snippet injection
12,9,Unhandled-Exceptions,code snippet injection
8,3,Unhandled-Exceptions,code snippet injection
249,5,Unhandled-Exceptions,code snippet injection
235,9,Unhandled-Exceptions,code snippet injection
219,9,Unhandled-Exceptions,code snippet injection
208,5,Unhandled-Exceptions,code snippet injection
195,3,Unhandled-Exceptions,code snippet injection
188,3,Unhandled-Exceptions,code snippet injection
178,3,Unhandled-Exceptions,code snippet injection
165,5,Unhandled-Exceptions,code snippet injection
132,9,Unhandled-Exceptions,code snippet injection
103,8,Unhandled-Exceptions,code snippet injection
76,5,Unhandled-Exceptions,code snippet injection
65,8,Unhandled-Exceptions,code snippet injection
56,8,Unhandled-Exceptions,code snippet injection
51,3,Unhandled-Exceptions,code snippet injection
41,9,Unhandled-Exceptions,code snippet injection
38,2,Unhandled-Exceptions,code snippet injection
34,3,Unhandled-Exceptions,code snippet injection
30,3,Unhandled-Exceptions,code snippet injection
