loc,length,bug type,approach
87,6,Unhandled-Exceptions,code snippet injection
75,9,Unhandled-Exceptions,code snippet injection
69,3,Unhandled-Exceptions,code snippet injection
264,5,Unhandled-Exceptions,code snippet injection
237,9,Unhandled-Exceptions,code snippet injection
213,9,Unhandled-Exceptions,code snippet injection
189,5,Unhandled-Exceptions,code snippet injection
171,3,Unhandled-Exceptions,code snippet injection
152,3,Unhandled-Exceptions,code snippet injection
136,3,Unhandled-Exceptions,code snippet injection
110,5,Unhandled-Exceptions,code snippet injection
57,9,Unhandled-Exceptions,code snippet injection
48,8,Unhandled-Exceptions,code snippet injection
40,5,Unhandled-Exceptions,code snippet injection
30,8,Unhandled-Exceptions,code snippet injection
21,8,Unhandled-Exceptions,code snippet injection
17,3,Unhandled-Exceptions,code snippet injection
