loc,length,bug type,approach
166,6,Unhandled-Exceptions,code snippet injection
156,9,Unhandled-Exceptions,code snippet injection
25,3,Unhandled-Exceptions,code snippet injection
269,5,Unhandled-Exceptions,code snippet injection
254,9,Unhandled-Exceptions,code snippet injection
241,9,Unhandled-Exceptions,code snippet injection
231,5,Unhandled-Exceptions,code snippet injection
224,3,Unhandled-Exceptions,code snippet injection
217,3,Unhandled-Exceptions,code snippet injection
203,3,Unhandled-Exceptions,code snippet injection
190,5,Unhandled-Exceptions,code snippet injection
110,9,Unhandled-Exceptions,code snippet injection
101,8,Unhandled-Exceptions,code snippet injection
95,5,Unhandled-Exceptions,code snippet injection
50,8,Unhandled-Exceptions,code snippet injection
33,8,Unhandled-Exceptions,code snippet injection
179,3,Unhandled-Exceptions,code snippet injection
146,9,Unhandled-Exceptions,code snippet injection
143,2,Unhandled-Exceptions,code snippet injection
138,3,Unhandled-Exceptions,code snippet injection
134,3,Unhandled-Exceptions,code snippet injection
128,5,Unhandled-Exceptions,code snippet injection
122,5,Unhandled-Exceptions,code snippet injection
15,8,Unhandled-Exceptions,code snippet injection
8,6,Unhandled-Exceptions,code snippet injection
