loc,length,bug type,approach
22,6,Unhandled-Exceptions,code snippet injection
12,9,Unhandled-Exceptions,code snippet injection
8,3,Unhandled-Exceptions,code snippet injection
241,5,Unhandled-Exceptions,code snippet injection
227,9,Unhandled-Exceptions,code snippet injection
211,9,Unhandled-Exceptions,code snippet injection
200,5,Unhandled-Exceptions,code snippet injection
187,3,Unhandled-Exceptions,code snippet injection
177,3,Unhandled-Exceptions,code snippet injection
166,3,Unhandled-Exceptions,code snippet injection
137,5,Unhandled-Exceptions,code snippet injection
107,9,Unhandled-Exceptions,code snippet injection
77,8,Unhandled-Exceptions,code snippet injection
69,5,Unhandled-Exceptions,code snippet injection
60,8,Unhandled-Exceptions,code snippet injection
51,8,Unhandled-Exceptions,code snippet injection
47,3,Unhandled-Exceptions,code snippet injection
37,9,Unhandled-Exceptions,code snippet injection
34,2,Unhandled-Exceptions,code snippet injection
30,3,Unhandled-Exceptions,code snippet injection
