loc,length,bug type,approach
362,6,Unhandled-Exceptions,code snippet injection
156,9,Unhandled-Exceptions,code snippet injection
152,3,Unhandled-Exceptions,code snippet injection
44,5,Unhandled-Exceptions,code snippet injection
10,9,Unhandled-Exceptions,code snippet injection
449,9,Unhandled-Exceptions,code snippet injection
436,5,Unhandled-Exceptions,code snippet injection
425,3,Unhandled-Exceptions,code snippet injection
414,3,Unhandled-Exceptions,code snippet injection
401,3,Unhandled-Exceptions,code snippet injection
346,5,Unhandled-Exceptions,code snippet injection
333,9,Unhandled-Exceptions,code snippet injection
321,8,Unhandled-Exceptions,code snippet injection
257,5,Unhandled-Exceptions,code snippet injection
226,8,Unhandled-Exceptions,code snippet injection
181,8,Unhandled-Exceptions,code snippet injection
173,3,Unhandled-Exceptions,code snippet injection
136,9,Unhandled-Exceptions,code snippet injection
130,2,Unhandled-Exceptions,code snippet injection
123,3,Unhandled-Exceptions,code snippet injection
116,3,Unhandled-Exceptions,code snippet injection
105,5,Unhandled-Exceptions,code snippet injection
94,5,Unhandled-Exceptions,code snippet injection
80,8,Unhandled-Exceptions,code snippet injection
67,6,Unhandled-Exceptions,code snippet injection
58,3,Unhandled-Exceptions,code snippet injection
26,3,Unhandled-Exceptions,code snippet injection
297,3,Unhandled-Exceptions,code snippet injection
39,3,Unhandled-Exceptions,code snippet injection
35,3,Unhandled-Exceptions,code snippet injection
