loc,length,bug type,approach
86,6,Unhandled-Exceptions,code snippet injection
76,9,Unhandled-Exceptions,code snippet injection
214,3,Unhandled-Exceptions,code snippet injection
205,5,Unhandled-Exceptions,code snippet injection
190,9,Unhandled-Exceptions,code snippet injection
177,9,Unhandled-Exceptions,code snippet injection
160,5,Unhandled-Exceptions,code snippet injection
149,3,Unhandled-Exceptions,code snippet injection
71,3,Unhandled-Exceptions,code snippet injection
63,3,Unhandled-Exceptions,code snippet injection
52,5,Unhandled-Exceptions,code snippet injection
36,9,Unhandled-Exceptions,code snippet injection
22,8,Unhandled-Exceptions,code snippet injection
135,5,Unhandled-Exceptions,code snippet injection
126,8,Unhandled-Exceptions,code snippet injection
117,8,Unhandled-Exceptions,code snippet injection
107,3,Unhandled-Exceptions,code snippet injection
97,9,Unhandled-Exceptions,code snippet injection
